App Name,App Id,App Type,Permissions,Users,Type
Zocdoc,1001492795798-tanp8tjt0fkglvrd2e6ekp1qoukv2v0r.apps.googleusercontent.com,Web Application,Others,3,Meta
App in the Air,1003804154726-vdqt1baa7tiraknveg82uhg3funvs58i.apps.googleusercontent.com,Web Application,"Gmail, Calendar",1,
GipsyTime,1005107182837-r3lef4cn76cs46o0ib36s7486vos193g.apps.googleusercontent.com,Web Application,Calendar,1,
PicMonkey,1005542825533.apps.googleusercontent.com,Web Application,Drive,1,
The New York Times,1005640118348-amh5tgkq641oru4fbhr3psm3gt2tcc94.apps.googleusercontent.com,Web Application,Others,20,Meta
The New York Times,1005640118348-vsu060dtgu5k028ce5qr0j9ogn9jmkj1.apps.googleusercontent.com,Android,Others,1,Meta
gitlab scrape test,100607553994-kdb8gpoob99u5vap9o0uahtbgj8jr553.apps.googleusercontent.com,Web Application,Apps Script Runtime,1,Apps Script
NewSupplierForm,1006508925734-b2b33eft86dhblpeuuhqd2lvs9g6908o.apps.googleusercontent.com,Web Application,"Drive, Apps Script Runtime",1,Apps Script
Code Blocks,100740430168-ccef2jver66p0elj5oq56gtkr0j91ket.apps.googleusercontent.com,Web Application,"Drive, Apps Script Runtime",4,Apps Script
PnL,1010545529669-jset4ju82lvaqm16lk4h7i0tc0evu5pb.apps.googleusercontent.com,Web Application,Drive,1,
OpenTable,1011230515163-arsl01gv134b0sjidu62bkp3hub3nuj3.apps.googleusercontent.com,Web Application,Others,2,Meta
Text Editor for Google Driver,1014087004651-oudd5akb9l92rrvr3qe2krgvc1ocmi52.apps.googleusercontent.com,Web Application,Drive,2,
Gmail_Autofilters_OLD,1014146847772-5obqlj3m6ppk6du7dujd3auep03bjgf3.apps.googleusercontent.com,Web Application,Gmail,1,
Adobe,1014431251553-1th00sgm1evm88p73r3el860kokvnlbe.apps.googleusercontent.com,Web Application,Others,5,Meta
Cloud NEXT 2019,1021136005570-a0sms6gs01fiucesevie7u57rr8fdg36.apps.googleusercontent.com,Web Application,Others,1,Meta
TRC Core Enterprise,1021947821914-0sv3o023b97b8ukhtdr5jm9mstml0d4e.apps.googleusercontent.com,Web Application,Admin,1,Internal
TRC Core Enterprise,1021947821914-14524so1ghr1gs63ng70kafqnkpta6m1.apps.googleusercontent.com,Web Application,Gmail,1,Internal
TRC Core Enterprise,1021947821914-3sspc0rhgp09nbha4700r7666tnpukgj.apps.googleusercontent.com,Web Application,Gmail,1,Internal
TRC Core Enterprise,1021947821914-44h2drpermkjg418q8fov2d84au19kgd.apps.googleusercontent.com,Web Application,Gmail,1,Internal
TRC Core Enterprise,1021947821914-4d19d2cgq7r9v3qv0afdnu4jhcu571c7.apps.googleusercontent.com,Web Application,Drive,3,Internal
TRC Core Enterprise,1021947821914-at9pqqinifrk1bv4ugm1qdtjk3n39krs.apps.googleusercontent.com,Web Application,Gmail,1,Internal
TRC Core Enterprise,1021947821914-ghfjtaoqrc3tserv7par7b14iacojh7m.apps.googleusercontent.com,Web Application,Gmail,4,Internal
TRC Core Enterprise,1021947821914-hddf0mdgm5g4b2pbbt58akt30n4s7kk1.apps.googleusercontent.com,Web Application,Gmail,3,Internal
TRC Core Enterprise,1021947821914-iblfpn86gkef55rovh2ks8vem0k4n93u.apps.googleusercontent.com,Web Application,Gmail,1,Internal
TRC Core Enterprise,1021947821914-iojaja98htv8s6vt5nm50mavi7eepqah.apps.googleusercontent.com,Web Application,Gmail,1,Internal
TRC Core Enterprise,1021947821914-jk5drv6pmurvjac98kmjhmb9fa5apbgf.apps.googleusercontent.com,Web Application,"Calendar, Admin, Vault",2,Internal
TRC Core Enterprise,1021947821914-kvode38ddu1eqquuupcmd4di17b9vqlg.apps.googleusercontent.com,Web Application,"Gmail, Drive",1,Internal
TRC Core Enterprise,1021947821914-m6h4p625u3eqoc2m5ppn51j3derkgtec.apps.googleusercontent.com,Web Application,"Gmail, Drive",1,Internal
TRC Core Enterprise,1021947821914-nenjsc3uhoun4620ogjdgjic3g5cnrhm.apps.googleusercontent.com,Web Application,Gmail,1,Internal
TRC Core Enterprise,1021947821914-qjpbecqg7ehnq9pho88oqres24bporc6.apps.googleusercontent.com,Web Application,Gmail,1,Internal
TRC Core Enterprise,1021947821914-vg0i93p4kbglkp4nioo1js5v9q54a1t2.apps.googleusercontent.com,Web Application,Gmail,2,Internal
Qwiklabs,1023251155897-tb54g624q9e77gtsrnemgv4c2ihekurv.apps.googleusercontent.com,Web Application,Others,1,Meta
Kayako Login,102829875229-5e8asgjqcui9pktgu5khmpb2bq6q310s.apps.googleusercontent.com,Web Application,Others,1,Meta
New Scientist,1030727279051-2ut2l4krgju3uo6s7bhmgiptvejl1pjo.apps.googleusercontent.com,Web Application,Others,1,Meta
Lumin PDF,1031094922298-hcmpll8999ct57grncagnql87pnihmmi.apps.googleusercontent.com,Web Application,Drive,27,
JetBrains Single Sign-on (Hub),1032026974949-jddanq3a9hsqelr54dq74l0t1lrksfav.apps.googleusercontent.com,Web Application,Others,1,Meta
Asana,1032199425885-oq9scukspijc682n7k2erv386nc58que.apps.googleusercontent.com,Web Application,Others,20,Meta
TRC Enterprise Production Engineering,1032253577256-ji7utcu1m5jocc5kft1s4e2r1216ln06.apps.googleusercontent.com,Web Application,Calendar,2,
Indiatoday,1034467138740-upqhri70dlfdloa7een22r96d84b9v24.apps.googleusercontent.com,Web Application,Others,1,Meta
Recorded Macros (Untitled spreadsheet),1034831247363-3o4rjnj0pc3s5p6h851mn62htp69dhn3.apps.googleusercontent.com,Web Application,Drive,1,
Luxury Escapes,1034926809216-n6rpg0vivi0aav775gs8cdndh17jkist.apps.googleusercontent.com,Web Application,Others,1,Meta
Noisli,1035060964841-o6cg1vortrufggv7a777otmkrn8eqjs5.apps.googleusercontent.com,Web Application,Others,1,Meta
Times Of India,103703403489-b4t4lt8mr05brqpcdrmsu0di54cmjv4f.apps.googleusercontent.com,Web Application,Others,1,Meta
Untitled project,1052196649182-2v50sbfgdslb357pn65trrmh78q48r4p.apps.googleusercontent.com,Web Application,Gmail,1,
Typing.io,1053160013860-87e4bvgv78elvs19u5eup3tupo1cmd4a.apps.googleusercontent.com,Web Application,Others,1,Meta
time,1059943037426-sfhrcee2917ra99moq8batbhuu4pmlvs.apps.googleusercontent.com,Web Application,Drive,1,
Testing,1064305533524-1ee9e5q2o6p4cevvnbouh0ick8ufvmui.apps.googleusercontent.com,Web Application,"Drive, Apps Script Runtime",1,Apps Script
Untitled project,1064756101458-ef5ev2hpproqse91lmemc2kkjfig4f12.apps.googleusercontent.com,Web Application,Calendar,1,
JIRA,1065897371335-h27ipppsl765bkjn8eifecn2hcjqpkqi.apps.googleusercontent.com,Android,Others,2,Meta
BrowserStack,1066772918720-qoh6r25jl6mcn28aqoirn3gp7s1gucmk.apps.googleusercontent.com,Web Application,Others,1,Meta
Wayfair,10668954132-ii0pv9vd2t4i2j3egv9bj249hf187v5j.apps.googleusercontent.com,Web Application,Others,1,Meta
Udacity,1069728276824-7sem2lgr69vs4liabjj8corbps661iu4.apps.googleusercontent.com,Web Application,Others,2,Meta
Promevo Sales Portal,1070256336893-te9lueoq74ugak3ig95tdvl37umqetml.apps.googleusercontent.com,Web Application,Others,1,Meta
Tripadvisor,1070328450902.apps.googleusercontent.com,Web Application,Others,12,Meta
Neighbor,1070544743919-ff6d0kl51otlh9u3qghrgmhaidh9v8q4.apps.googleusercontent.com,Web Application,Others,1,Meta
eBay,1077078376996-tiuoaddhjh4ch2h4dnokcu4uq3576n9g.apps.googleusercontent.com,Web Application,Others,2,Meta
Realtor.com,1077613200872-2643uknuh1i8rfjgjd0jrkmm3frqqdo9.apps.googleusercontent.com,Web Application,Others,2,Meta
Google Drive for Confluence & Jira,1080080380801-1s13bahdvlh579fstpjm8o168v1e4c3m.apps.googleusercontent.com,Web Application,Drive,25,
Scott's Cheap Flights,108147266412-33njno1el2aaf0raqc4dhi2l196vjgt4.apps.googleusercontent.com,Web Application,Others,1,Meta
Fetch_FinDataSQL,1082484789197-glso4ncgh5seeaoj4phs6h6sr99brt1o.apps.googleusercontent.com,Web Application,"Drive, Apps Script Runtime",1,Apps Script
Tableau,108315368982-fhk59oh0vmpj8vif1smea64flvfg4tv0.apps.googleusercontent.com,Web Application,Drive,7,
Tableau,108315368982-mfe7b31cbom80toum943mgg250p8hsl4.apps.googleusercontent.com,Web Application,Drive,2,
WordPress,108380595987-j91sm1alavcdgd81i2655kp8q1lbtvrc.apps.googleusercontent.com,Web Application,Others,1,Meta
Hipmunk,108670380482-srf0he2fu64lrdjlbqeoqguha4qr268v.apps.googleusercontent.com,Web Application,Others,1,Meta
PnL,1088339617851-a948b1uc6bid2bc7lr55ehgmol9qbp2m.apps.googleusercontent.com,Web Application,Drive,1,
Exif Meta Viewer for Drive,111863700124-074s5qoqq5p2mc2h50abftn5ktc7m1ln.apps.googleusercontent.com,Web Application,Drive,2,
Calendars 5,115462536866-ulmt0i7ik48sjee47lju68saffpg0kkg.apps.googleusercontent.com,iOS,Calendar,1,
Events Calendar,115749518092-rufq0461dc4c1rjar0mb4eh84emoahgl.apps.googleusercontent.com,Web Application,Calendar,1,
DocHub - PDF Sign & Edit,1179802238-202ueh12c57itr8t99rlpp8tem3s5bk8.apps.googleusercontent.com,Web Application,Drive,13,
DocHub - PDF Sign & Edit,1179802238-balmr1e5m7sdgvoeu5lp28a5g6luvim5.apps.googleusercontent.com,Web Application,Drive,7,
Google Gather,122167620338-cf846ucgscod617b2jahi6p30e4cn7im.apps.googleusercontent.com,Web Application,Others,7,Meta
cloudHQ,125135905029.apps.googleusercontent.com,Web Application,"Gmail, Drive",3,
PnL,128625660981-6b2e868pee5fnug9067al9gtmfu0i7ek.apps.googleusercontent.com,Web Application,Drive,1,
GrabTaxi,141255113973-1crlpnp1dfraninhjf6bul9c48gl6sa6.apps.googleusercontent.com,Android,Others,1,Meta
GrabTaxi,141255113973-3bo26epvon2murd7ouh9l4ctipcg2m68.apps.googleusercontent.com,iOS,Others,1,Meta
Glassdoor,141714232794-u9pltfkeb9skmomag53kf4dt3p4mgp1a.apps.googleusercontent.com,Web Application,Others,35,Meta
GateRank Predictor,145591097846-7vt2q9hgp861hq7rh7tv0j4vmnd9rall.apps.googleusercontent.com,Web Application,Others,1,Meta
StreetEasy,147313643782-6g6eiu6pva3rofhad6e7csk4r701hbpf.apps.googleusercontent.com,Web Application,Others,3,Meta
Logitech,154719634762-miuv2h5iatn6fqvk0sb2s6eqdkhbt8oh.apps.googleusercontent.com,Web Application,Others,1,Meta
jdbc,156540554200-909c85jcn1gmqi102s5haceu4r9mk8id.apps.googleusercontent.com,Web Application,"Drive, Apps Script Runtime",1,Apps Script
SonyLIV Web,159799352625-rg89d99kqb2qdabo99lv822gsie7jgr5.apps.googleusercontent.com,Web Application,Others,1,Meta
"O'Reilly Media, Inc.",169467428391-861p65v1smjhiu0uftrp99d1l2ks2o7e.apps.googleusercontent.com,Web Application,Others,4,Meta
doc_template_creator,171587889764-4q48e2al2n0pu5cd443rpjg9cff9jdf2.apps.googleusercontent.com,Web Application,Drive,1,
Logitech - LIdS,172892496965-51375kue6ntm5at0q7cjomt5gfsnocp4.apps.googleusercontent.com,Web Application,Others,2,Meta
flowkey,174289370194-eshqr9qiillf61qtcp9kgmj88aa18lj7.apps.googleusercontent.com,Android,Others,1,Meta
CouponCabin,174526201421-69efgat1b312k7tmucj89f00l1b1ognm.apps.googleusercontent.com,Web Application,Others,1,Meta
Ritual,177798635244-a09op77j7lb5ubt63j4hdonhh8cqu4ae.apps.googleusercontent.com,iOS,Others,1,Meta
Slack,19570130570-tfuuvh6hutjd09bq64is5sao643q67jg.apps.googleusercontent.com,Web Application,"Drive, Calendar, Admin",539,
Measure Map,196280979389-c4db1oeianifikkms5eq5n4gggf96jcq.apps.googleusercontent.com,Web Application,Others,1,Meta
Virtru,197076597243-pmtqlhc964j3do8sd0s5c7rq160e4smt.apps.googleusercontent.com,Web Application,Others,3,Meta
EFAAS Web Console,198572333586-0t0utk4m4nboo9a810hgcab197duhpag.apps.googleusercontent.com,Web Application,Others,1,Meta
CloudConvert,199590644126.apps.googleusercontent.com,Web Application,Drive,6,
Vault,203084464697-ggspb70qp5g3rk5eelu5lik9efbmnguk.apps.googleusercontent.com,Web Application,Others,1,Meta
Project,207470277262-4fnq52u99b3l8u4vfd6loi9dugiupu7v.apps.googleusercontent.com,Web Application,Drive,1,
Atlassian Statuspage,211568154679-o6t26q3qrf48ct3vs9bjg48l250nstmg.apps.googleusercontent.com,Web Application,Others,12,Meta
Simpler Dialer,213604929474-8h736kcrgbe3bt5kv7ehoquva4ilhblp.apps.googleusercontent.com,Android,Others,1,Meta
Medium,216296035834-4u4cg2hehbal9lkokg9pvgnupegplmke.apps.googleusercontent.com,Android,Others,2,Meta
Medium,216296035834-k1k6qe060s2tp2a2jam4ljdcms00sttg.apps.googleusercontent.com,Web Application,Others,41,Meta
ETTelecom,217469183284.apps.googleusercontent.com,Web Application,Others,1,Meta
Mailtrack,224054973946.apps.googleusercontent.com,Web Application,Gmail,2,
Fareportal DMS,225858352230-ns77skrj4858jjh1ekrb5u6ijv2u8igl.apps.googleusercontent.com,Web Application,Others,1,Meta
Recorded Macros (Payment tracker_ 2019_11th Sept),228200728797-gb1gnjq5l0l5sejpj5f4nsgcc1fdkcgi.apps.googleusercontent.com,Web Application,Drive,1,
Management Network Multiselect,231377235755-qpgfdnq7rdqp4t5rumt6olgqt7t4oc52.apps.googleusercontent.com,Web Application,"Drive, Apps Script Runtime",1,Apps Script
Untitled project,237307626203-7e8m6d5i7o16l08gcan2ftm6b2i5se2m.apps.googleusercontent.com,Web Application,"Drive, Apps Script Runtime",1,Apps Script
Zillow,238648973530.apps.googleusercontent.com,Web Application,Others,4,Meta
PnL,238796016935-60sejj1dq3mav1cg1064003hl8gceivs.apps.googleusercontent.com,Web Application,Drive,1,
Recorded Macros (Untitled spreadsheet),240888543142-svm7397idfrcl15ipo3e48bjqafpfham.apps.googleusercontent.com,Web Application,Drive,1,
Mass Delete,241684929821-29fh92ta57t2h98s0ab4bv897d85d3as.apps.googleusercontent.com,Web Application,Gmail,1,
Document Viewer for Google Drive,242212781037-9i0991icd67v5c42k4mtcalpqtnnpi22.apps.googleusercontent.com,Web Application,Drive,1,
Screencastify,242262968495-1m5o9ef10hp44to5jtko0g1r02fsf2jp.apps.googleusercontent.com,Web Application,Drive,1,
Screencastify,242262968495-o42n5tqeo08dsa75p3j4dk1k61t05ln3.apps.googleusercontent.com,Web Application,Drive,4,
Noisli,244809216039-urbimntrhd89evqvfae6k68l23489ubd.apps.googleusercontent.com,Web Application,Others,1,Meta
Event Locator,246944806535-7hhvlnkjh1q1umcag7rjvgp6qm6qpvpg.apps.googleusercontent.com,Web Application,"Calendar, Apps Script Runtime",3,Apps Script
Refractiv OverDRIVE,254158829526-1d1jb2of8ldpvs78e62vbp50kf05gqp4.apps.googleusercontent.com,Web Application,Others,1,Meta
Wrike iOS app,260820609782-v91bs5v7dcigpp8roo18fdg2jsdsnrt3.apps.googleusercontent.com,iOS,Others,1,Meta
Auto Trader,262661727855-t8t9ca7vl2ml3ns0pjjjvbs0vro1pv6d.apps.googleusercontent.com,Web Application,Others,2,Meta
GoLinks,277405043093-a4b6snmjg3ud5l1heq695a7l5c0fd9vn.apps.googleusercontent.com,Web Application,Others,1,Meta
Myprotein,282371554639-g5h5i4gs4jisdldtvcok56r2981vvfpv.apps.googleusercontent.com,Web Application,Others,1,Meta
Trello,28300235456-b801aqbc1i8luet9arr7sgll09t6eep9.apps.googleusercontent.com,Web Application,Others,1,Meta
PnL,283028863103-jgoa95nkumlq43t2c75biem7qprqu1dr.apps.googleusercontent.com,Web Application,Drive,1,
Education.com,283427801117-gcsiu9p714dc31684r15mdoks9vupn6a.apps.googleusercontent.com,Web Application,Others,1,Meta
BankBazaar.com,292169499198-0lfk82r2deoft25lth746btka7g5gslr.apps.googleusercontent.com,Web Application,Others,3,Meta
Google APIs Explorer,292824132082.apps.googleusercontent.com,Web Application,Calendar,3,
WhatsApp Messenger,293955441834-jc0jr4nnng51vb1v0q8fea5af6i5sakt.apps.googleusercontent.com,Android,Drive,1,
FortiClient Android,296086252307-ehucg8ate48n051dvf1n23vrv3qr9368.apps.googleusercontent.com,Android,Others,1,Meta
Recorded Macros (Crypto Checklist),296934901614-t37jdmdemhqb3dke5mt4mre2bdmlf5nl.apps.googleusercontent.com,Web Application,Drive,1,
Etsy,296956783393-2d8r0gljo87gjmdpmvkgbeasdmelq33e.apps.googleusercontent.com,Web Application,Others,1,Meta
Doordash,312397499938-le4n4vnj6gakctp89ifgev2a0vp8uut4.apps.googleusercontent.com,Web Application,Others,1,Meta
Xodo,318378661449-56elpf0k7qsk4h9ecjf5613ho7igp0hl.apps.googleusercontent.com,Web Application,Drive,1,
GMAIL FILTERS,334948774295-n7fpsupehtv25ua3mda6fqdv125bbrj4.apps.googleusercontent.com,Web Application,"Gmail, Drive",1,
Untitled project,338754620164-qsbfnhq9o6gabjt0h090v0qlifag17mh.apps.googleusercontent.com,Web Application,Gmail,1,
Test Script,346275398031-4jh49ic9fefudvb6ivdaf8is347rkr4v.apps.googleusercontent.com,Web Application,"Drive, Apps Script Runtime",1,Apps Script
TestEmails,348719052790-3bqu8k4pkg26ees53tdo7hb7mb74eg71.apps.googleusercontent.com,Web Application,"Drive, Apps Script Runtime",1,Apps Script
Google Drive Chrome Extension,351861205747-jdceupirmv7o77ne1a3b4qh1klct94ck.apps.googleusercontent.com,Web Application,Drive,3,
Project Default Service Account,354862010105-bpcqmt1h1cn4imggmm22sqjitca64cld.apps.googleusercontent.com,Web Application,Others,1,Meta
Basic Web App,355241220984-u7c2rq6kg0421n55i06hp3mpgd20kjig.apps.googleusercontent.com,Web Application,"Gmail, Drive",1,
trivago,363634697571-lj09qn82grlkcma3sud1c11bo7srajd3.apps.googleusercontent.com,Web Application,Others,1,Meta
Freshdesk,367378856688.apps.googleusercontent.com,Web Application,Others,1,Meta
Best Buy App,369075948042-gku8boqssoqo5bdnkpg2s43mscgsk68i.apps.googleusercontent.com,Web Application,Others,1,Meta
Google Data Studio,371237729773-o16eiche3liejj1onknknuhkj83k139b.apps.googleusercontent.com,Web Application,Drive,2,
MineTime,372037961349-7cfegksh5f1b18ps8orh1orivlu94t9f.apps.googleusercontent.com,Web Application,"Calendar, Contacts",1,
Moqups Drive API,372941403685-ea9uim0oiuk805ogakvcg62f3s7a4u9d.apps.googleusercontent.com,Web Application,Drive,1,
Wrike,37355362364-dha13aajhc35i8rfudmsjaijnt9vd72u.apps.googleusercontent.com,Web Application,Others,6,Meta
Relive,376216316442-298fkv07hkrl0tb82bpnaavv43s7gtgf.apps.googleusercontent.com,Android,Others,1,Meta
Kaggle,378513217926-6q3lp8ojftf1i14dlrj0udqh4ou2jjok.apps.googleusercontent.com,Web Application,Others,2,Meta
Inspirock,381340841962-s26k81om9ch6i6rp5du52i23btbrr2ld.apps.googleusercontent.com,Web Application,Others,1,Meta
Untitled project,381484173395-fuevt8jj08av19ijekp16rh76auk5sj9.apps.googleusercontent.com,Web Application,Gmail,1,
klook-firebase,38241767456-tblln7me133j132hginhj8j6cphbq39c.apps.googleusercontent.com,Web Application,Others,2,Meta
weekly RK Email,383678107613-6hiahtipfcbp6m95u67tjfq4a265f2h7.apps.googleusercontent.com,Web Application,"Gmail, Drive, Apps Script Runtime",3,Apps Script
GeeksforGeeks,388036620207-3uolk1hv6ta7p3r9l6s3bobifh086qe1.apps.googleusercontent.com,Web Application,Others,2,Meta
GeeksforGeeks,388036620207-mu7cieefmijqq0lbpds5q1qcsnl0idng.apps.googleusercontent.com,Android,Others,1,Meta
TVF Play,391941770339-fhpebs4f2lvdjhdhtn7khntdtpmb1v6f.apps.googleusercontent.com,Web Application,Others,1,Meta
PnL,402190748067-ku2iq9f84j4c0ug4p4tdcg57h8d676ua.apps.googleusercontent.com,Web Application,"Drive, Apps Script Runtime",1,Apps Script
ProtectedDoc,402604260491-cpc038ekg7qobgf7jsbl1u8q02pmrh35.apps.googleusercontent.com,Web Application,"Drive, Apps Script Runtime",1,Apps Script
Samsung account,40316552947-p4entmmkhrq6r4e8gia8cprg30j17gn8.apps.googleusercontent.com,Web Application,Others,1,Meta
AndroidApp,404579753391-o5j3mbb29894r2otvl7ine11seeb3c79.apps.googleusercontent.com,Android,Others,1,Meta
Mozilla Thunderbird Email,406964657835-aq8lmia8j95dhl1a2bvharmfk3t1hgqj.apps.googleusercontent.com,Web Application,Gmail,1,
Arch Linux Chromium,413772536636.apps.googleusercontent.com,Web Application,Others,1,Meta
ACE,41617154500-5gufbg5oanepfn4d4veplp4n06vjokei.apps.googleusercontent.com,Web Application,Others,1,Meta
Ubuntu,424119844901-tilod0e1nm0dt85e1evrdfp3cc3ec01d.apps.googleusercontent.com,Web Application,Others,6,Meta
Growth Engine,424794523095-s1tqvdqksb8t6b6ihengppv1nc585o4i.apps.googleusercontent.com,Web Application,Others,1,Meta
Commudle,432745930633-vc668ls5qi0bf9lit9sp5fhnf18vka8l.apps.googleusercontent.com,Web Application,Others,1,Meta
Multiple selections dropdown,438262947614-lcv0r5ta24tlemj3p4s9keehaisaakju.apps.googleusercontent.com,Web Application,"Drive, Apps Script Runtime",1,Apps Script
Grammarly,440299537835-eg35dcqfh9v2qkagoqm0lo245vh4g7bu.apps.googleusercontent.com,Web Application,Others,32,Meta
Zomato,442739719837.apps.googleusercontent.com,Web Application,Others,10,Meta
Loom,443240113960-6mj529r3r24gpp4c9u57n9ndrg01i911.apps.googleusercontent.com,Web Application,Others,1,Meta
Cal,444896084609-p1hh6omf3r57014hkf77v4ahoegdsnit.apps.googleusercontent.com,Android,Others,1,Meta
KAYAK,446009525344-j420p21u4ap0114qr1fnrk8bhq4f2il1.apps.googleusercontent.com,Web Application,Others,8,Meta
Gmail Tools,446138189510-c930go767afh9uuopdggblspi74ce642.apps.googleusercontent.com,Web Application,"Gmail, Apps Script Runtime",1,Apps Script
Evernote,447407681759.apps.googleusercontent.com,Web Application,Others,4,Meta
iOS,450232826690-0rm6bs9d2fps9tifvk2oodh3tasd7vl7.apps.googleusercontent.com,iOS,"Gmail, Calendar, Contacts",45,
Checker Plus for Gmail™,450788627700-m1vhpe3biqmp4vgaachs2us80updp12j.apps.googleusercontent.com,Web Application,Gmail,1,
Calendar Tagger,451971641850-jfan2geruqcnoda7cuhomb9fifh3oi80.apps.googleusercontent.com,Web Application,"Calendar, Apps Script Runtime",2,Apps Script
cleanup,458696267388-11lsuquitpshkejuth6rbh9nkao5dnnk.apps.googleusercontent.com,Web Application,"Gmail, Apps Script Runtime",1,Apps Script
Event Location Shader,460878889578-daoi59busropriaeanpve2njhgjkgl2b.apps.googleusercontent.com,Web Application,"Calendar, Apps Script Runtime",1,Apps Script
Smartsheet,46145466229.apps.googleusercontent.com,Web Application,Drive,15,
Calendar Update Script File,462659381699-hhmgagk3hurp7eslvvgq739caconrfe6.apps.googleusercontent.com,Web Application,Drive,2,
Amazon Alexa,463698813043-o2michok88mj0nq3k8g5ftbf060s1ntp.apps.googleusercontent.com,Web Application,Calendar,1,
Gmail-Delete,464673051398-jqvrmfl0vllh2bd4n0t9pbmsr01lhige.apps.googleusercontent.com,Web Application,Gmail,1,
Insync,468017360789-e4camv9a5n4e90tk4vrpk49qonmcm95s.apps.googleusercontent.com,Web Application,Drive,1,
Rocketbook,468264241591-m6ai68oq6iujdg1bcq099frs24iehmdc.apps.googleusercontent.com,iOS,Others,1,Meta
Overleaf,47304055603.apps.googleusercontent.com,Web Application,Others,2,Meta
NFS_Quota_Alerts,478244139075-78kolhmgrp2upto3a0mjds0fil5jsrc8.apps.googleusercontent.com,Web Application,"Gmail, Drive",1,
forward procurement,479807767169-ussoovksv3d7garvfm054e38nshqnfb2.apps.googleusercontent.com,Web Application,Gmail,1,
Real Estate & Homes by Trulia,487011081137-peeju6k4k30q731m6oo3k0kas0mqa5a3.apps.googleusercontent.com,Web Application,Others,1,Meta
RSVPify,490847583508-rnuc9n4mus9to62b40aq3e8nfpsfoko0.apps.googleusercontent.com,Web Application,Others,1,Meta
Scribd,491264573595-hs5hu9ijbfl9g6khnkn2retrfr6lcua7.apps.googleusercontent.com,Web Application,Others,2,Meta
Egress Secure Email for GSuite,503322020588-l1brpk0tjepc6lsemevlnknnlppr373m.apps.googleusercontent.com,Web Application,Gmail,1,
Deliveroo,503757482204-dmiski9tsv4kih4q39bt32lgvdn6e8su.apps.googleusercontent.com,Web Application,Others,51,Meta
GSheet_Suspended_Usr_list,504186272165-61h94rsotrnq3bdr1j65j1kkfmddb9tg.apps.googleusercontent.com,Web Application,Drive,1,
CRES - Cisco Registered Envelope Service,507313714964-6p88u6grrfv4int8pvujgaimias5ug62.apps.googleusercontent.com,Web Application,Others,4,Meta
Project Default Service Account,507860335923-58om9b9ls82vrr7s4d2hdil7kiu5ihl6.apps.googleusercontent.com,Android,Others,2,Meta
Disqus.com,508198334196-bgmagrg0a2rub674g0shidj8fnd50dji.apps.googleusercontent.com,Web Application,Others,4,Meta
eBay,510718330363-s8203tpcr3unvq2n580hoke0590m6rd8.apps.googleusercontent.com,Web Application,Others,2,Meta
Gmail_Autofilters_Tower_v1.3,514081279983-rf5t3709d688uppg0uo4odhitu2s7ur1.apps.googleusercontent.com,Web Application,"Gmail, Drive, Apps Script Runtime",1,Apps Script
Grasshopper,531246522847-cpii92d27guqb6mrvgtc8skipar03g1f.apps.googleusercontent.com,Web Application,Others,1,Meta
Google Drive plug-in,531326910636-6ssag1lt3u6jgusferpp5fasa0fn118r.apps.googleusercontent.com,Web Application,Drive,13,
Slack,533288507123-c7lce59bel4e7c6mt1gcb20a9cfh8snv.apps.googleusercontent.com,Web Application,"Gmail, Apps Script Runtime",29,Apps Script
Slack,533288507123-mq1s4kd1ifi8ulnmni5ud1bp1u1ps393.apps.googleusercontent.com,Web Application,"Gmail, Apps Script Runtime",7,Apps Script
feedly,534890559860-r6gn7e3agcpiriehe63dkeus0tpl5i4i.apps.googleusercontent.com,Web Application,Others,3,Meta
HackerRank,539603982008.apps.googleusercontent.com,Web Application,Others,2,Meta
Untitled project,539905950674-td0coc759ndqpm2ms1ekvb7khap81jm1.apps.googleusercontent.com,Web Application,Drive,1,
Strava Mobile,541588808765.apps.googleusercontent.com,Web Application,Others,1,Meta
PnL,543156829913-bhno4n2rmdcvsp8l9q92rh73li66b7lf.apps.googleusercontent.com,Web Application,Drive,1,
Any.do,543675644531-g4dslkg8olbmn1jopsoai5a7qcrlt33t.apps.googleusercontent.com,Android,Others,1,Meta
Any.do,543675644531-nsdamnj2uqafj8d3hv9q9lmevvc9tcrm.apps.googleusercontent.com,Web Application,Others,1,Meta
Music Player for Google Drive,543871781652.apps.googleusercontent.com,Web Application,Drive,2,
Recorded Macros (McKay Invoice Tracker),54632898903-9m0j09u30es98gnil59fsp1ed38om367.apps.googleusercontent.com,Web Application,Drive,1,
sortSheets,550012858186-928b3f2nv6rq9c068o2u4sg0ipbcdge1.apps.googleusercontent.com,Web Application,Drive,1,
Lattice,554378352164-as0b0ojctfu8ashklgqt0rkufdaprc77.apps.googleusercontent.com,Web Application,Calendar,1,
Quota_Alert_sandbox,55765363332-rdth9c7m791cgqntkmeo41eirm86hn3k.apps.googleusercontent.com,Web Application,"Gmail, Drive",1,
Tableau Server,559142988460-pq4ajno1o46uj4cdised6628dp2ge8mj.apps.googleusercontent.com,Web Application,Drive,1,
MakeMyTrip,568430513605-ngh8qioe5qtsbg8oq4ijv2th5u4ls1i9.apps.googleusercontent.com,Web Application,Others,3,Meta
Every Time Zone,569109512356-9db0d4vk6181p5nlb11grufvd1lgkhtp.apps.googleusercontent.com,Web Application,Others,1,Meta
Shopperstop,570506897857-aj7ifd4ne3j2gv2fis1369fu31urasld.apps.googleusercontent.com,Web Application,Others,1,Meta
app script for update of repo data-staging,572897049537-t2bckp40vt2j1km2a36mfrb805iigprd.apps.googleusercontent.com,Web Application,"Drive, Cloud Platform",1,
Fouth Space,58065743244-8259ajh1462ljd9i4ggd37ccpjt9833f.apps.googleusercontent.com,Web Application,Others,1,Meta
Datumprikker/Cally,587962392269-dd3ltkc596m53turfal5natbtb2btvvs.apps.googleusercontent.com,Web Application,Others,1,Meta
Datadog,589883252099-2o0ltl0bf77sk9v1m5bq1202s1qod436.apps.googleusercontent.com,Web Application,Others,1,Meta
NewSupplierQuestionnaire,590091994962-4740klm52f391cbddurp4u2m9qpkbrfb.apps.googleusercontent.com,Web Application,"Drive, Apps Script Runtime",1,Apps Script
MensXP,590283389371-9vcblibjo040s56qbeisb9ep6tprc9am.apps.googleusercontent.com,Web Application,Others,1,Meta
GrubHub,591422464906-bslmpkd4vo42lnb8q5r85hktkqo73qpm.apps.googleusercontent.com,Web Application,Others,3,Meta
GrubHub,591422464906-hepqlnnivc1ei5b9e20trvkjm89l7kth.apps.googleusercontent.com,Android,Others,1,Meta
Text Editor,591525900269-94ok9krafau8qa24666btvccmsfnq5fp.apps.googleusercontent.com,Web Application,Drive,2,
Greenhouse,594601915089-89kab5mheoec6sodc66fjeho69ich9ia.apps.googleusercontent.com,Web Application,Others,4,Meta
Greenhouse,594601915089-8g1c4uonl5d52ndmktp84mcrg3255ajp.apps.googleusercontent.com,iOS,Others,4,Meta
Greenhouse,594601915089-rrls6ibr90n1ehrtvkfcoldipllj1r5d.apps.googleusercontent.com,Web Application,"Calendar, Admin",20,
Atlassian,596149463257-9oquqfivs9on8t8erq23c8qso6vk3cp1.apps.googleusercontent.com,Web Application,Others,35,Meta
Redfin Real Estate,597760556696.apps.googleusercontent.com,Web Application,Others,6,Meta
Vimeo,599168806697-1vailf0v6ai0j09va1hga0krnd0n3tlq.apps.googleusercontent.com,Web Application,Others,1,Meta
ChowNow Direct Web,599395368702-bhl57lgr8t0qqso4l95idl53miipt7q7.apps.googleusercontent.com,Web Application,Others,1,Meta
Todoist,600979030768-7o35cjq1gv138e22oj0j39u0bp0mn3hj.apps.googleusercontent.com,Web Application,Others,5,Meta
Investing.com App,606447380154-9825jtap5as2sm0f868m536j6v8ptgo7.apps.googleusercontent.com,Web Application,Others,4,Meta
Kamernet,608538625387-jj841pippu8b3gf97o8l99or2bdho8au.apps.googleusercontent.com,Web Application,Others,1,Meta
DowJones,61387583289.apps.googleusercontent.com,Web Application,Others,2,Meta
PDF Viewer,619241882594-1n9npcsqr6rklv5vnnivh9ne7cv7qh01.apps.googleusercontent.com,Web Application,Drive,2,
Airbnb,622686756548-j87bjniqthcq1e4hbf1msh3fikqn892p.apps.googleusercontent.com,Web Application,Others,6,Meta
Rack Design,625453255494-0vj9qqh1239f59e8ltir844ke8k0lp3t.apps.googleusercontent.com,Web Application,"Drive, Apps Script Runtime",1,Apps Script
PnL,625591649461-268l36emku9tpormolnoovecgr2nbt9e.apps.googleusercontent.com,Web Application,Drive,1,
Postman,631492687692-ku7pug4olrljvifv0vs66uks9pmeo8ps.apps.googleusercontent.com,Web Application,Others,5,Meta
Lattice,63617938519-i2rj5iracgadq9l5tvj9vnu7cr44jkss.apps.googleusercontent.com,Web Application,Others,37,Meta
Google Earth,639005513830.apps.googleusercontent.com,Web Application,Others,6,Meta
Catawiki,642736432738-n5i0e4l9svftjaii4riibq2s1m8gsc5k.apps.googleusercontent.com,Web Application,Others,1,Meta
checkbox test,642925644295-0vvgo37sdg2ns5if1hnuf97nc2a1m2qe.apps.googleusercontent.com,Web Application,Drive,1,
Netdata Cloud,644375105584-al7qjeblthc64l1drivpp0ki7jpreiq9.apps.googleusercontent.com,Web Application,Others,1,Meta
Provider for Google Calendar,647770275422-1t765fugnn0i7sekv0ce6vitaq19qeck.apps.googleusercontent.com,Web Application,Calendar,1,
Provider for Google Calendar,647770275422-f30mivm6f2nli7qu4mpt20a3lc83t1vv.apps.googleusercontent.com,Web Application,Calendar,1,
SligeGeeks PPT,648884532819-bsrhecjrigfkh1o7giaojv91en8g6mes.apps.googleusercontent.com,Web Application,Others,1,Meta
Google Nest Hub,651814152010-i8gtejcoos9uknr1bifuhfi6h4f6hnhi.apps.googleusercontent.com,Web Application,Others,1,Meta
CodinGame,657009003548.apps.googleusercontent.com,Web Application,Others,1,Meta
Adobe Spark,659897251118-ee2goq8mbgnc25dqgotto40rd79745hc.apps.googleusercontent.com,Web Application,Drive,1,
deleteoldmail,667547752213-7nmqqjvia5go9gajnmhv3hcqmtacagal.apps.googleusercontent.com,Web Application,Gmail,1,
draw.io,671128082532-jhphbq6d0e1gnsus9mn7vf8a6fjn10mp.apps.googleusercontent.com,Web Application,Drive,53,
draw.io,671128082532.apps.googleusercontent.com,Web Application,Drive,14,
whereby.com,673592855141-rkus14iedkbnnfo82dldntmq6gmhb0dh.apps.googleusercontent.com,Web Application,Others,1,Meta
Confluence,677591547886-76tq88afkrac6omu7bfo40fal3c54utr.apps.googleusercontent.com,Android,Others,3,Meta
Confluence,677591547886-o9hjnr3fm3hff5qivfr84fuqk1vhs70m.apps.googleusercontent.com,iOS,Others,1,Meta
Fairygodboss,683298296265-8dfcatd4ag89esso1jep5hm5mae4m2k2.apps.googleusercontent.com,Web Application,Others,1,Meta
sand_box,685582377124-mt11ccmmmbtndhahl78t1al6895ojiku.apps.googleusercontent.com,Web Application,"Gmail, Drive",1,
Pinterest,694505692171-31closf3bcmlt59aeulg2j81ej68j6hk.apps.googleusercontent.com,Web Application,Others,10,Meta
Udemy,700206021005-bfren0qj1or8pp5spnn521hos9lm9ll9.apps.googleusercontent.com,Web Application,Others,7,Meta
Udemy,700206021005-bti21sr5qv2rp32hv5mf3htjn7lv4e1b.apps.googleusercontent.com,Android,Others,2,Meta
Lucidpress,701689253383.apps.googleusercontent.com,Web Application,Others,1,Meta
Honey,705229005811-2fdpup66d8aefq4qs2ru1n8qiosuq4fb.apps.googleusercontent.com,Web Application,Others,2,Meta
Recorded Macros (North Moore OCR 2019 Quantitative Trader),705537124549-vcicc1o50rmcnstct6nqksibojrqbmkn.apps.googleusercontent.com,Web Application,Drive,1,
LumApps,707106531947-5b60tirb7tb1pabet4r3onmhaaij0jdo.apps.googleusercontent.com,Web Application,Others,2,Meta
Lucidchart,7081045131-2b3qqfftbthvs1p2tgt5t12spiahvo02.apps.googleusercontent.com,Web Application,"Drive, Apps Script Runtime",1,Apps Script
Lucidchart,7081045131-da65f0du30iokn147fte32ev1f7k4ncb.apps.googleusercontent.com,Web Application,"Drive, Apps Script Runtime",1,Apps Script
Lucidchart,7081045131.apps.googleusercontent.com,Web Application,Drive,17,
Sandbox_test,708921750732-h1oftmhbc2cpgeu60ib416e18juplgg3.apps.googleusercontent.com,Web Application,Drive,1,
ChowNow Online Ordering,712158363893-nvrb82td9utupq0lv5ineo2ma2gjad8o.apps.googleusercontent.com,Web Application,Others,3,Meta
Premier League User Portal,713263538084-mq4c5k91ums3t46v22ik382rc5qd7pmp.apps.googleusercontent.com,Web Application,Others,1,Meta
ProtectedSheet,715423965235-as7kitp4jf3ih2efft5v4gifqa0ca3b1.apps.googleusercontent.com,Web Application,"Drive, Apps Script Runtime",1,Apps Script
Stack Exchange,717762328687-iludtf96g1hinl76e4lc1b9a82g457nn.apps.googleusercontent.com,Web Application,Others,5,Meta
GQueues,719341039557.apps.googleusercontent.com,Web Application,Others,1,Meta
"KML, KMZ Viewer with Drive",72003345431-7i36ggeldeacukqu7gkeiacb9f14kq3a.apps.googleusercontent.com,Web Application,Drive,1,
app script for update of repo data-main sheet,720581673875-i3clf34n6033tj8bc0i7pe6emkf6s0af.apps.googleusercontent.com,Web Application,"Drive, Cloud Platform",1,
Kahoot!,72103009834-ccrvro0kt03tpd7vrsi0c7e3gqjmsl4a.apps.googleusercontent.com,Web Application,Others,1,Meta
Recorded Macros (20180714 kwilson tower ALL contacts export_backup_google.csv),72202272666-fo1vacg0pgu3df5218t3m17nnqfms01n.apps.googleusercontent.com,Web Application,Drive,1,
Canon Edge,723670711443-qq53ha339dpi4f6tgqibpjg6if27pt8j.apps.googleusercontent.com,Web Application,Others,1,Meta
PnL,726101624555-24if4gcl6vrgpgn04jb5il9hhflku0gu.apps.googleusercontent.com,Web Application,Drive,1,
SendEmail,727286738526-thq974l0j98nc0lubtug2h2luqtut5p2.apps.googleusercontent.com,Web Application,Gmail,1,
Hearst Digital Newspapers,748544550338-f1t9ffkqtulianv9bc16mc6t0be2bqb4.apps.googleusercontent.com,Web Application,Others,1,Meta
OneCompiler,748546363-11lp66se7cl6samfubad3dlsjnau8t11.apps.googleusercontent.com,Web Application,Others,1,Meta
Zendesk,749019779237-4696326jponq05n0k8fiaupk1iac0vpd.apps.googleusercontent.com,Web Application,Others,1,Meta
Checker Plus for Calendar™,74919836968-1vv8gkse5mjv8ppr8qnjdms2hd6ot4sv.apps.googleusercontent.com,Web Application,Calendar,8,
Checker Plus for Calendar™,74919836968-ube40emj4vdiujk6q2h12l0n5sgblkvu.apps.googleusercontent.com,Web Application,Calendar,5,
Logistics Management Form,751119854364-v31ceik98crl3d28beeafkq7ogpjhoo2.apps.googleusercontent.com,Web Application,Drive,1,
Value Research Online,758275973528-vcejq4pg1g2faifd8itauph6i29kmodu.apps.googleusercontent.com,Web Application,Others,1,Meta
Cloud Drive to Mail,761231460933-nu2omqjucheu41l9lofac462ur819lnt.apps.googleusercontent.com,Web Application,Drive,1,
Tableau Desktop,763254890493-615q6fdqt5vm8g90g21e10um3bhqc04s.apps.googleusercontent.com,Web Application,Drive,9,
PayPal OneTouch,76862753678-9l8i0gh7kv9mi12drrka4pj54ee2rj9v.apps.googleusercontent.com,Web Application,Others,6,Meta
Pipedream,769070457056-00o7mttlmhr0ag5mhavo92n9o3adnk6k.apps.googleusercontent.com,Web Application,Others,1,Meta
RetailMeNot,771936173007-u6au73kae344unr8d6fjjtendldufja4.apps.googleusercontent.com,Web Application,Others,1,Meta
SchoolWiser,77382003713-hkk0q8qhsolih7ltnmtq4a7s3erl0dda.apps.googleusercontent.com,Web Application,Others,1,Meta
The Guardian,774465807556.apps.googleusercontent.com,Web Application,Others,2,Meta
Canva,779010036194-lf6spugv22vvj41pqjdj4d8k2tq7o5fd.apps.googleusercontent.com,Web Application,Others,3,Meta
Myntra,787245060481-4padi0c9g2l1pnbie52fmpfdpo43209i.apps.googleusercontent.com,Web Application,Others,1,Meta
Calendly,797340822162.apps.googleusercontent.com,Web Application,Calendar,1,
InfoQ,805159196168.apps.googleusercontent.com,Web Application,Others,1,Meta
Postman,805864674475-3abs2rivkn7kreou30b8ru8esnti4oih.apps.googleusercontent.com,Web Application,Others,15,Meta
Event Location Shader,806194956819-39m4vgpc3elt67a06ba9mbofooedoso3.apps.googleusercontent.com,Web Application,"Calendar, Apps Script Runtime",2,Apps Script
Talos,815340817346-7955sshqfb1oojup2td26f2jl1j0arvn.apps.googleusercontent.com,Web Application,Others,20,Meta
Talos,815340817346-essic1bhluda7arrn2oldj8jmkt1mt5u.apps.googleusercontent.com,Web Application,Drive,2,
Deliveroo,819538658905-ga2g9q9huoc538ghdl5lfs2449dqvv8j.apps.googleusercontent.com,iOS,Others,7,Meta
Deliveroo,819538658905-q9gjn9koebe7m461qddd757rjbnc56bb.apps.googleusercontent.com,Android,Others,10,Meta
MoM Venue Market Share,820575909717-r9fcg29ei57skfdavthlvgfhudig5bl3.apps.googleusercontent.com,Web Application,Drive,1,
Recorded Macros (Credit Card__2019_14th Aug),821460893229-07sqb4ikblk2rdqlf3r3fuqr4t1fck9l.apps.googleusercontent.com,Web Application,Drive,1,
ZIP Extractor,824911851129-6d64j0e08s86ih74l0lu386tqqfv71t9.apps.googleusercontent.com,Web Application,Drive,14,
CamScanner iOS,825008013023.apps.googleusercontent.com,Web Application,Drive,1,
Adobe Scan,827597488311-llm5ajmlifs60vqtodrosu4kp9u6geno.apps.googleusercontent.com,Android,Others,1,Meta
Editey,834369361793.apps.googleusercontent.com,Web Application,Others,1,Meta
Quantum Experience,838223977469-5ahlnbe1ru09nda0c71rmfpgb03rp43t.apps.googleusercontent.com,Web Application,Others,1,Meta
Duo Security Mobile App,848238537804-622a2du8i523h7u05h7itnfis695gafo.apps.googleusercontent.com,Android,Drive,1,
Untitled project,848259856229-7g4ec11kkv8herj34ncqlr46o27rhh1q.apps.googleusercontent.com,Web Application,Others,1,Meta
Slickdeals,848950106722-j5992464ii4e8jng8d8n6dlbajb1q3s1.apps.googleusercontent.com,Android,Others,1,Meta
Zoom,849883241272-ed6lnodi1grnoomiuknqkq2rbvd2udku.apps.googleusercontent.com,Web Application,Calendar,9,
Zoom,849883241272-q09d038e5fg93hei7c259g1s3e6mi6hn.apps.googleusercontent.com,Web Application,Calendar,1,
Seeking Alpha,853676697728-j4qpq4pfialt14ibl9ppa3tk37m6kc9e.apps.googleusercontent.com,Web Application,Others,1,Meta
Simplemenu,854614097072-g3jea4gn290525vrt1bl1upnn27627tb.apps.googleusercontent.com,Web Application,Others,1,Meta
Meetup,855636443875-pmqkjkrj33pvp0t1ghecgp4f3l746856.apps.googleusercontent.com,Web Application,Others,3,Meta
AutoForward,860491014564-5176gblvtevn8dtkcv8ptr43j7flmm53.apps.googleusercontent.com,Web Application,Gmail,1,
Windows,862726500644-mba83qqf9kq69c5mk9u5h2dn4iocdspq.apps.googleusercontent.com,Web Application,"Gmail, Calendar, Contacts",1,
Grafana Labs,866630123061-90gforkpe6r7lpljhdp246icb4h28rk3.apps.googleusercontent.com,Web Application,Others,5,Meta
Niantic Wayfarer,867328026096-e1p5hbmra2s0g2psgqhhl7ldafla8qr9.apps.googleusercontent.com,Web Application,Others,1,Meta
Promevo Reseller Transfer Form,868690478765-cr02mch7nuf9fafrfvtctu8hk0udf8vq.apps.googleusercontent.com,Web Application,Others,1,Meta
SqlData,878305762221-ofctf83dda15o6gpe6j779vqs9c3d997.apps.googleusercontent.com,Web Application,Apps Script Runtime,1,Apps Script
iHeartRadio,884160514548-4917aophkpafpbgh8r1lndhc3f128ouf.apps.googleusercontent.com,Web Application,Others,1,Meta
Seamless,890931348469-en8ht0kqub7imtqh09u18i2r4ivmbrp5.apps.googleusercontent.com,iOS,Others,7,Meta
Seamless,890931348469-hlmrkj4fbvm5nbhehln260mdai93fste.apps.googleusercontent.com,Web Application,Others,126,Meta
Seamless,890931348469-kst676e3nq5gai11pnc6fqqims0nkq1s.apps.googleusercontent.com,Android,Others,9,Meta
DataCamp,892114885437-01a7plbsu1b2vobuhvnckmmanhb58h3a.apps.googleusercontent.com,Web Application,Others,1,Meta
Amazon Alexa,894903566971-8t0rroj5kd45kb6j6uabci3umlulsi5g.apps.googleusercontent.com,Web Application,"Gmail, Calendar",2,
ManualsLib,896757882380-pbcqd6f9ruv5q35rbc8c0ktv0lrl4s9r.apps.googleusercontent.com,Web Application,Others,1,Meta
Uber,89939265457-enilmfbsacgcj2b7qq3sc7jc51u5b3ge.apps.googleusercontent.com,Web Application,Others,2,Meta
LogiMgmtTest,901130796052-tjt5v4b20hknuk12jidvpfhak3g8k9vk.apps.googleusercontent.com,Web Application,Drive,1,
iHerb,90214605915-o0rel7j9lluv5knbi441k6d9kbkjdopq.apps.googleusercontent.com,Web Application,Others,1,Meta
lastminute.com,903643546156-r87kbv0dkc058d0afnqfvl4f6rtejqj2.apps.googleusercontent.com,Web Application,Others,2,Meta
Logistics Management,905242003990-5um0ld18ego6kf3vbid48locr94dauo7.apps.googleusercontent.com,Web Application,Drive,1,
Boomerang for Gmail,907372061162-bpu6amvvhit9pf1f6ikqk2jfnoqtu81g.apps.googleusercontent.com,Web Application,Gmail,3,
PnL,907425298244-i75gj2egbj6l7qojhf60fup6lpjch3s5.apps.googleusercontent.com,Web Application,Drive,1,
Quora,917071888555.apps.googleusercontent.com,Web Application,Others,36,Meta
"Expedia, Inc.",919023678118-cdrmliol1m0qorr1hm0oe877pnrd02rb.apps.googleusercontent.com,Web Application,Others,3,Meta
Zapier,927538837578.apps.googleusercontent.com,Web Application,Others,1,Meta
Project Default Service Account,936076353769-apdevvhvp2c8sbc0oeuummsvdukh02b0.apps.googleusercontent.com,Web Application,Others,4,Meta
The Economic Times,936221589938.apps.googleusercontent.com,Web Application,Others,12,Meta
Fresha,939324003214-fq16j74hi8jl19u6uhfe0b5l6o5nu7q9.apps.googleusercontent.com,Web Application,Others,1,Meta
Law Insider,948740859141-jj4vlg2tqi6fqj62q7mvbo8jjam6dclv.apps.googleusercontent.com,Web Application,Others,1,Meta
Gliffy,956673946652-p3jb8so76rohn5ql0etb1uso96hssuqh.apps.googleusercontent.com,Web Application,Others,2,Meta
LogMgmtTest,956716877425-7i8areedrokt78i3jsjo309f94nba3ul.apps.googleusercontent.com,Web Application,Drive,1,
FortiClient Android,965025121727-lp6qgacmrvb4febv8q8slrkn355bhq35.apps.googleusercontent.com,Android,Others,1,Meta
Huawei Email,970047679375-mj3cdj7jq2q8gug9l89038r5qmpi25ig.apps.googleusercontent.com,Android,Gmail,1,
Priceline,97269564947-t56o430phqkg9cbg445rqic4tjb3t6b3.apps.googleusercontent.com,Web Application,Others,1,Meta
Trainline,973057770020-n8vffgo87n3helc7lqcdun3f71l4g62d.apps.googleusercontent.com,Web Application,Others,1,Meta
LeetCode OJ,975508891494.apps.googleusercontent.com,Web Application,Others,1,Meta
Investing,97683281117-0i3aov82cq5oljjrvq7gvq88eeq7c2ob.apps.googleusercontent.com,Android,Others,1,Meta
Rent The Runway,981834343854-e607psn9and9s6uh5fkcj9s8jdagrm14.apps.googleusercontent.com,Web Application,Others,1,Meta
ProtectedSheet,983697871415-51514v6fp409k5ceac078bl879r3tum7.apps.googleusercontent.com,Web Application,"Drive, Apps Script Runtime",2,Apps Script
VIZIO SmartCast,984166688818-00tblcugi6s9epdiovlqqi9dq184l0dh.apps.googleusercontent.com,Android,Others,1,Meta
Linkedin,990339570472-k6nqn1tpmitg8pui82bfaun3jrpmiuhs.apps.googleusercontent.com,Web Application,Others,2,Meta
BookMyShow India,990572338172-gk5j2mcf537tpmvbsj369aq16jlt8tfd.apps.googleusercontent.com,Android,Others,1,Meta
BookMyShow India,990572338172-iibth2em4l86htv30eg1v44jia37fuo5.apps.googleusercontent.com,Web Application,Others,1,Meta
PnL,992956075369-la5e8i7not0j9otpk1h37fbsar6li54s.apps.googleusercontent.com,Web Application,Drive,1,
Gmail RegEx - Digital Inspiration,995015475506-a3ne7afsehmd6bl3kelcub7i6h5mbbep.apps.googleusercontent.com,Web Application,"Gmail, Drive",1,
FortiClient,997229357422-hm43j8vc4crekmfrvi0sk738mjvifadl.apps.googleusercontent.com,iOS,Others,2,Meta